time,build_number,project_name,project_name_1,project_path,rf_critical_failed,rf_critical_passed,rf_duration,rf_failed,rf_name,rf_name_1,rf_passed,rf_suite_name
2018-12-22T19:47:12.813000148Z,1291,Altiplano,null_Altiplano,Altiplano,0,1,17014,0,Verify that any changes to device-specific-data through edit-config request will still be accepted when the flag is set to false,Verify that any changes to device-specific-data through edit-config request will still be accepted when the flag is set to false,1,Device Configuration
2018-12-22T21:16:21.022000148Z,1292,Altiplano,null_Altiplano,Altiplano,0,1,13696,0,Verify that any changes to device-specific-data through edit-config request will still be accepted when the flag is set to false,Verify that any changes to device-specific-data through edit-config request will still be accepted when the flag is set to false,1,Device Configuration
2018-12-22T22:22:31.089000148Z,1293,Altiplano,null_Altiplano,Altiplano,0,1,11851,0,Verify that any changes to device-specific-data through edit-config request will still be accepted when the flag is set to false,Verify that any changes to device-specific-data through edit-config request will still be accepted when the flag is set to false,1,Device Configuration
2018-12-22T23:57:59.333000148Z,1294,Altiplano,null_Altiplano,Altiplano,0,1,12191,0,Verify that any changes to device-specific-data through edit-config request will still be accepted when the flag is set to false,Verify that any changes to device-specific-data through edit-config request will still be accepted when the flag is set to false,1,Device Configuration
2018-12-23T01:00:51.494000148Z,1295,Altiplano,null_Altiplano,Altiplano,0,1,12835,0,Verify that any changes to device-specific-data through edit-config request will still be accepted when the flag is set to false,Verify that any changes to device-specific-data through edit-config request will still be accepted when the flag is set to false,1,Device Configuration
2018-12-23T02:05:41.531000148Z,1296,Altiplano,null_Altiplano,Altiplano,0,1,12557,0,Verify that any changes to device-specific-data through edit-config request will still be accepted when the flag is set to false,Verify that any changes to device-specific-data through edit-config request will still be accepted when the flag is set to false,1,Device Configuration
2018-12-23T03:15:55.553000148Z,1297,Altiplano,null_Altiplano,Altiplano,0,1,12563,0,Verify that any changes to device-specific-data through edit-config request will still be accepted when the flag is set to false,Verify that any changes to device-specific-data through edit-config request will still be accepted when the flag is set to false,1,Device Configuration
2018-12-23T04:24:56.734000148Z,1298,Altiplano,null_Altiplano,Altiplano,0,1,13854,0,Verify that any changes to device-specific-data through edit-config request will still be accepted when the flag is set to false,Verify that any changes to device-specific-data through edit-config request will still be accepted when the flag is set to false,1,Device Configuration
2018-12-23T05:48:34.211000148Z,1299,Altiplano,null_Altiplano,Altiplano,0,1,14634,0,Verify that any changes to device-specific-data through edit-config request will still be accepted when the flag is set to false,Verify that any changes to device-specific-data through edit-config request will still be accepted when the flag is set to false,1,Device Configuration
2018-12-23T06:54:03.947000148Z,1300,Altiplano,null_Altiplano,Altiplano,0,1,12230,0,Verify that any changes to device-specific-data through edit-config request will still be accepted when the flag is set to false,Verify that any changes to device-specific-data through edit-config request will still be accepted when the flag is set to false,1,Device Configuration
2018-12-23T08:19:44.817000148Z,1301,Altiplano,null_Altiplano,Altiplano,0,1,12861,0,Verify that any changes to device-specific-data through edit-config request will still be accepted when the flag is set to false,Verify that any changes to device-specific-data through edit-config request will still be accepted when the flag is set to false,1,Device Configuration
2018-12-23T09:22:21.744000148Z,1302,Altiplano,null_Altiplano,Altiplano,0,1,13812,0,Verify that any changes to device-specific-data through edit-config request will still be accepted when the flag is set to false,Verify that any changes to device-specific-data through edit-config request will still be accepted when the flag is set to false,1,Device Configuration
2018-12-23T10:25:08.644000148Z,1303,Altiplano,null_Altiplano,Altiplano,0,1,12755,0,Verify that any changes to device-specific-data through edit-config request will still be accepted when the flag is set to false,Verify that any changes to device-specific-data through edit-config request will still be accepted when the flag is set to false,1,Device Configuration
2018-12-23T11:49:22.459000148Z,1304,Altiplano,null_Altiplano,Altiplano,0,1,12798,0,Verify that any changes to device-specific-data through edit-config request will still be accepted when the flag is set to false,Verify that any changes to device-specific-data through edit-config request will still be accepted when the flag is set to false,1,Device Configuration
2018-12-23T13:21:45.123000148Z,1305,Altiplano,null_Altiplano,Altiplano,0,1,12923,0,Verify that any changes to device-specific-data through edit-config request will still be accepted when the flag is set to false,Verify that any changes to device-specific-data through edit-config request will still be accepted when the flag is set to false,1,Device Configuration
2018-12-23T20:52:35.749000148Z,1307,Altiplano,null_Altiplano,Altiplano,0,1,12478,0,Verify that any changes to device-specific-data through edit-config request will still be accepted when the flag is set to false,Verify that any changes to device-specific-data through edit-config request will still be accepted when the flag is set to false,1,Device Configuration
2018-12-23T21:58:23.914000148Z,1308,Altiplano,null_Altiplano,Altiplano,0,1,10799,0,Verify that any changes to device-specific-data through edit-config request will still be accepted when the flag is set to false,Verify that any changes to device-specific-data through edit-config request will still be accepted when the flag is set to false,1,Device Configuration
2018-12-23T23:12:41.891000148Z,1309,Altiplano,null_Altiplano,Altiplano,0,1,11161,0,Verify that any changes to device-specific-data through edit-config request will still be accepted when the flag is set to false,Verify that any changes to device-specific-data through edit-config request will still be accepted when the flag is set to false,1,Device Configuration
2018-12-24T00:19:26.371000148Z,1310,Altiplano,null_Altiplano,Altiplano,0,1,12846,0,Verify that any changes to device-specific-data through edit-config request will still be accepted when the flag is set to false,Verify that any changes to device-specific-data through edit-config request will still be accepted when the flag is set to false,1,Device Configuration
2018-12-24T01:25:56.514000148Z,1311,Altiplano,null_Altiplano,Altiplano,0,1,13099,0,Verify that any changes to device-specific-data through edit-config request will still be accepted when the flag is set to false,Verify that any changes to device-specific-data through edit-config request will still be accepted when the flag is set to false,1,Device Configuration
2018-12-24T02:46:02.144000148Z,1312,Altiplano,null_Altiplano,Altiplano,0,1,11333,0,Verify that any changes to device-specific-data through edit-config request will still be accepted when the flag is set to false,Verify that any changes to device-specific-data through edit-config request will still be accepted when the flag is set to false,1,Device Configuration
2018-12-24T04:18:31.452000148Z,1313,Altiplano,null_Altiplano,Altiplano,0,1,14766,0,Verify that any changes to device-specific-data through edit-config request will still be accepted when the flag is set to false,Verify that any changes to device-specific-data through edit-config request will still be accepted when the flag is set to false,1,Device Configuration
2018-12-24T05:28:04.383000148Z,1314,Altiplano,null_Altiplano,Altiplano,0,1,9813,0,Verify that any changes to device-specific-data through edit-config request will still be accepted when the flag is set to false,Verify that any changes to device-specific-data through edit-config request will still be accepted when the flag is set to false,1,Device Configuration
2018-12-24T06:40:20.251000148Z,1315,Altiplano,null_Altiplano,Altiplano,0,1,12798,0,Verify that any changes to device-specific-data through edit-config request will still be accepted when the flag is set to false,Verify that any changes to device-specific-data through edit-config request will still be accepted when the flag is set to false,1,Device Configuration
2018-12-24T08:04:43.807000148Z,1316,Altiplano,null_Altiplano,Altiplano,0,1,12134,0,Verify that any changes to device-specific-data through edit-config request will still be accepted when the flag is set to false,Verify that any changes to device-specific-data through edit-config request will still be accepted when the flag is set to false,1,Device Configuration
2019-02-18T12:38:15.263000147Z,2383,Altiplano,Altiplano,Altiplano,1,0,208408,1,Verify that any changes to device-specific-data through edit-config request will still be accepted when the flag is set to false,,0,Device Configuration
2019-02-23T00:05:29.83300015Z,2472,Altiplano,Altiplano,Altiplano,1,0,229893,1,Verify that any changes to device-specific-data through edit-config request will still be accepted when the flag is set to false,,0,Device Configuration
2019-02-24T15:35:01.14400015Z,2506,Altiplano,Altiplano,Altiplano,1,0,215646,1,Verify that any changes to device-specific-data through edit-config request will still be accepted when the flag is set to false,,0,Device Configuration
2019-02-25T09:04:46.969000156Z,2521,Altiplano,Altiplano,Altiplano,1,0,210833,1,Verify that any changes to device-specific-data through edit-config request will still be accepted when the flag is set to false,,0,Device Configuration
2019-03-01T19:54:34.173000161Z,2600,Altiplano,Altiplano,Altiplano,1,0,214247,1,Verify that any changes to device-specific-data through edit-config request will still be accepted when the flag is set to false,,0,Device Configuration
2019-03-02T16:12:56.664000161Z,2615,Altiplano,Altiplano,Altiplano,1,0,211444,1,Verify that any changes to device-specific-data through edit-config request will still be accepted when the flag is set to false,,0,Device Configuration
2019-03-02T17:16:15.439000161Z,2616,Altiplano,Altiplano,Altiplano,1,0,216160,1,Verify that any changes to device-specific-data through edit-config request will still be accepted when the flag is set to false,,0,Device Configuration
2019-03-02T18:12:29.595000161Z,2617,Altiplano,Altiplano,Altiplano,1,0,218279,1,Verify that any changes to device-specific-data through edit-config request will still be accepted when the flag is set to false,,0,Device Configuration
2019-03-02T19:27:13.462000161Z,2618,Altiplano,Altiplano,Altiplano,1,0,208926,1,Verify that any changes to device-specific-data through edit-config request will still be accepted when the flag is set to false,,0,Device Configuration
2019-03-03T01:43:32.031000161Z,2623,Altiplano,Altiplano,Altiplano,1,0,208898,1,Verify that any changes to device-specific-data through edit-config request will still be accepted when the flag is set to false,,0,Device Configuration
2019-03-03T06:06:42.001000161Z,2626,Altiplano,Altiplano,Altiplano,1,0,215435,1,Verify that any changes to device-specific-data through edit-config request will still be accepted when the flag is set to false,,0,Device Configuration
2019-03-03T11:43:51.394000161Z,2631,Altiplano,Altiplano,Altiplano,1,0,216854,1,Verify that any changes to device-specific-data through edit-config request will still be accepted when the flag is set to false,,0,Device Configuration
2019-04-23T16:13:02.620000159Z,3472,Altiplano,Altiplano,Altiplano,1,0,206471,1,Verify that any changes to device-specific-data through edit-config request will still be accepted when the flag is set to false,,0,Device Configuration
2019-04-27T06:43:09.952000141Z,3528,Altiplano,Altiplano,Altiplano,1,0,211427,1,Verify that any changes to device-specific-data through edit-config request will still be accepted when the flag is set to false,,0,Device Configuration
2019-05-03T18:06:55.362000144Z,3621,Altiplano,Altiplano,Altiplano,1,0,218281,1,Verify that any changes to device-specific-data through edit-config request will still be accepted when the flag is set to false,,0,Device Configuration
2019-05-07T14:30:47.743000149Z,3677,Altiplano,Altiplano,Altiplano,1,0,218247,1,Verify that any changes to device-specific-data through edit-config request will still be accepted when the flag is set to false,,0,Device Configuration
2019-05-22T19:11:02.981000167Z,3911,Altiplano,Altiplano,Altiplano,1,0,218875,1,Verify that any changes to device-specific-data through edit-config request will still be accepted when the flag is set to false,,0,Device Configuration
2019-05-25T15:29:56.757000167Z,3951,Altiplano,Altiplano,Altiplano,1,0,219048,1,Verify that any changes to device-specific-data through edit-config request will still be accepted when the flag is set to false,,0,Device Configuration
2019-06-10T09:36:15.573000163Z,4184,Altiplano,Altiplano,Altiplano,1,0,213983,1,Verify that any changes to device-specific-data through edit-config request will still be accepted when the flag is set to false,,0,Device Configuration
2019-06-19T21:02:33.521000172Z,4327,Altiplano,Altiplano,Altiplano,1,0,211629,1,Verify that any changes to device-specific-data through edit-config request will still be accepted when the flag is set to false,,0,Device Configuration
2019-06-21T05:54:36.445000172Z,4343,Altiplano,Altiplano,Altiplano,1,0,223130,1,Verify that any changes to device-specific-data through edit-config request will still be accepted when the flag is set to false,,0,Device Configuration
2019-06-21T13:31:46.673000172Z,4347,Altiplano,Altiplano,Altiplano,1,0,220032,1,Verify that any changes to device-specific-data through edit-config request will still be accepted when the flag is set to false,,0,Device Configuration
2019-06-21T22:34:45.212000172Z,4352,Altiplano,Altiplano,Altiplano,1,0,221363,1,Verify that any changes to device-specific-data through edit-config request will still be accepted when the flag is set to false,,0,Device Configuration
2019-06-24T00:11:43.996000172Z,4382,Altiplano,Altiplano,Altiplano,1,0,215133,1,Verify that any changes to device-specific-data through edit-config request will still be accepted when the flag is set to false,,0,Device Configuration
2019-06-25T12:40:21.461000172Z,4404,Altiplano,Altiplano,Altiplano,1,0,222263,1,Verify that any changes to device-specific-data through edit-config request will still be accepted when the flag is set to false,,0,Device Configuration
2019-07-06T19:08:20.444000177Z,4611,Altiplano,Altiplano,Altiplano,1,0,212598,1,Verify that any changes to device-specific-data through edit-config request will still be accepted when the flag is set to false,,0,Device Configuration
2019-07-10T11:57:20.199000107Z,4685,Altiplano,Altiplano,Altiplano,1,0,220997,1,Verify that any changes to device-specific-data through edit-config request will still be accepted when the flag is set to false,,0,Device Configuration
2019-07-12T00:08:51.675000112Z,4708,Altiplano,Altiplano,Altiplano,1,0,224302,1,Verify that any changes to device-specific-data through edit-config request will still be accepted when the flag is set to false,,0,Device Configuration
2019-07-15T00:56:13.187000112Z,4764,Altiplano,Altiplano,Altiplano,1,0,213658,1,Verify that any changes to device-specific-data through edit-config request will still be accepted when the flag is set to false,,0,Device Configuration
2019-08-23T11:28:33.478000105Z,5470,Altiplano,Altiplano,Altiplano,0,1,6419,0,Verify that any changes to device-specific-data through edit-config request will still be accepted when the flag is set to false,,1,Device Configuration
2019-08-23T12:27:26.539000105Z,5471,Altiplano,Altiplano,Altiplano,0,1,6153,0,Verify that any changes to device-specific-data through edit-config request will still be accepted when the flag is set to false,,1,Device Configuration
2019-08-23T13:31:27.690000105Z,5472,Altiplano,Altiplano,Altiplano,0,1,13313,0,Verify that any changes to device-specific-data through edit-config request will still be accepted when the flag is set to false,,1,Device Configuration
2019-08-23T14:40:18.331000105Z,5473,Altiplano,Altiplano,Altiplano,0,1,5947,0,Verify that any changes to device-specific-data through edit-config request will still be accepted when the flag is set to false,,1,Device Configuration
2019-08-23T16:00:27.871000105Z,5474,Altiplano,Altiplano,Altiplano,0,1,5778,0,Verify that any changes to device-specific-data through edit-config request will still be accepted when the flag is set to false,,1,Device Configuration
2019-08-23T17:08:05.964000105Z,5475,Altiplano,Altiplano,Altiplano,0,1,8462,0,Verify that any changes to device-specific-data through edit-config request will still be accepted when the flag is set to false,,1,Device Configuration
2019-08-23T18:02:25.867000105Z,5476,Altiplano,Altiplano,Altiplano,0,1,5575,0,Verify that any changes to device-specific-data through edit-config request will still be accepted when the flag is set to false,,1,Device Configuration
2019-08-23T19:09:46.182000105Z,5477,Altiplano,Altiplano,Altiplano,0,1,5477,0,Verify that any changes to device-specific-data through edit-config request will still be accepted when the flag is set to false,,1,Device Configuration
2019-08-24T06:34:28.376000105Z,5480,Altiplano,Altiplano,Altiplano,0,1,8528,0,Verify that any changes to device-specific-data through edit-config request will still be accepted when the flag is set to false,,1,Device Configuration
2019-08-24T07:49:09.837000105Z,5481,Altiplano,Altiplano,Altiplano,0,1,5563,0,Verify that any changes to device-specific-data through edit-config request will still be accepted when the flag is set to false,,1,Device Configuration
2019-08-24T10:33:08.276000105Z,5484,Altiplano,Altiplano,Altiplano,0,1,8467,0,Verify that any changes to device-specific-data through edit-config request will still be accepted when the flag is set to false,,1,Device Configuration
2019-08-24T11:42:40.704000105Z,5485,Altiplano,Altiplano,Altiplano,0,1,9779,0,Verify that any changes to device-specific-data through edit-config request will still be accepted when the flag is set to false,,1,Device Configuration
2019-08-24T12:42:41.232000105Z,5486,Altiplano,Altiplano,Altiplano,0,1,9347,0,Verify that any changes to device-specific-data through edit-config request will still be accepted when the flag is set to false,,1,Device Configuration
2019-08-24T13:50:22.608000105Z,5487,Altiplano,Altiplano,Altiplano,0,1,8695,0,Verify that any changes to device-specific-data through edit-config request will still be accepted when the flag is set to false,,1,Device Configuration
2019-08-24T15:10:40.610000105Z,5489,Altiplano,Altiplano,Altiplano,0,1,9712,0,Verify that any changes to device-specific-data through edit-config request will still be accepted when the flag is set to false,,1,Device Configuration
2019-08-24T16:27:26.476000105Z,5490,Altiplano,Altiplano,Altiplano,0,1,12127,0,Verify that any changes to device-specific-data through edit-config request will still be accepted when the flag is set to false,,1,Device Configuration
2019-08-24T17:38:32.015000105Z,5491,Altiplano,Altiplano,Altiplano,0,1,11368,0,Verify that any changes to device-specific-data through edit-config request will still be accepted when the flag is set to false,,1,Device Configuration
2019-08-24T19:17:49.367000105Z,5492,Altiplano,Altiplano,Altiplano,0,1,15089,0,Verify that any changes to device-specific-data through edit-config request will still be accepted when the flag is set to false,,1,Device Configuration
2019-08-24T20:24:25.530000105Z,5493,Altiplano,Altiplano,Altiplano,0,1,10810,0,Verify that any changes to device-specific-data through edit-config request will still be accepted when the flag is set to false,,1,Device Configuration
2019-08-24T21:26:37.529000105Z,5494,Altiplano,Altiplano,Altiplano,0,1,10099,0,Verify that any changes to device-specific-data through edit-config request will still be accepted when the flag is set to false,,1,Device Configuration
2019-08-24T22:30:18.046000105Z,5495,Altiplano,Altiplano,Altiplano,0,1,12572,0,Verify that any changes to device-specific-data through edit-config request will still be accepted when the flag is set to false,,1,Device Configuration
2019-08-25T01:03:07.628000105Z,5496,Altiplano,Altiplano,Altiplano,0,1,8422,0,Verify that any changes to device-specific-data through edit-config request will still be accepted when the flag is set to false,,1,Device Configuration
2019-08-25T01:57:34.291000105Z,5497,Altiplano,Altiplano,Altiplano,0,1,8414,0,Verify that any changes to device-specific-data through edit-config request will still be accepted when the flag is set to false,,1,Device Configuration
2019-08-25T03:15:48.853000105Z,5498,Altiplano,Altiplano,Altiplano,0,1,5603,0,Verify that any changes to device-specific-data through edit-config request will still be accepted when the flag is set to false,,1,Device Configuration
2019-08-25T04:08:21.511000105Z,5499,Altiplano,Altiplano,Altiplano,0,1,5783,0,Verify that any changes to device-specific-data through edit-config request will still be accepted when the flag is set to false,,1,Device Configuration
2019-08-25T05:07:27.047000105Z,5500,Altiplano,Altiplano,Altiplano,0,1,9026,0,Verify that any changes to device-specific-data through edit-config request will still be accepted when the flag is set to false,,1,Device Configuration
2019-08-25T06:04:18.190000105Z,5501,Altiplano,Altiplano,Altiplano,0,1,6963,0,Verify that any changes to device-specific-data through edit-config request will still be accepted when the flag is set to false,,1,Device Configuration
2019-08-25T07:15:43.732000105Z,5502,Altiplano,Altiplano,Altiplano,0,1,5735,0,Verify that any changes to device-specific-data through edit-config request will still be accepted when the flag is set to false,,1,Device Configuration
2019-08-25T08:10:57.766000105Z,5503,Altiplano,Altiplano,Altiplano,0,1,9208,0,Verify that any changes to device-specific-data through edit-config request will still be accepted when the flag is set to false,,1,Device Configuration
2019-08-25T09:17:39.809000105Z,5504,Altiplano,Altiplano,Altiplano,0,1,8795,0,Verify that any changes to device-specific-data through edit-config request will still be accepted when the flag is set to false,,1,Device Configuration
2019-08-25T10:24:16.698000105Z,5505,Altiplano,Altiplano,Altiplano,0,1,8717,0,Verify that any changes to device-specific-data through edit-config request will still be accepted when the flag is set to false,,1,Device Configuration
2019-08-25T11:19:43.642000105Z,5506,Altiplano,Altiplano,Altiplano,0,1,7849,0,Verify that any changes to device-specific-data through edit-config request will still be accepted when the flag is set to false,,1,Device Configuration
2019-08-25T12:11:07.661000105Z,5507,Altiplano,Altiplano,Altiplano,0,1,5619,0,Verify that any changes to device-specific-data through edit-config request will still be accepted when the flag is set to false,,1,Device Configuration
2019-08-25T13:09:39.598000105Z,5508,Altiplano,Altiplano,Altiplano,0,1,8438,0,Verify that any changes to device-specific-data through edit-config request will still be accepted when the flag is set to false,,1,Device Configuration
2019-08-25T14:23:22.766000105Z,5509,Altiplano,Altiplano,Altiplano,0,1,6052,0,Verify that any changes to device-specific-data through edit-config request will still be accepted when the flag is set to false,,1,Device Configuration
2019-08-25T15:49:09.771000105Z,5510,Altiplano,Altiplano,Altiplano,0,1,5451,0,Verify that any changes to device-specific-data through edit-config request will still be accepted when the flag is set to false,,1,Device Configuration
2019-08-25T16:42:52.728000105Z,5511,Altiplano,Altiplano,Altiplano,0,1,5852,0,Verify that any changes to device-specific-data through edit-config request will still be accepted when the flag is set to false,,1,Device Configuration
2019-08-25T17:47:05.957000105Z,5512,Altiplano,Altiplano,Altiplano,0,1,5586,0,Verify that any changes to device-specific-data through edit-config request will still be accepted when the flag is set to false,,1,Device Configuration
2019-08-25T19:00:23.757000105Z,5513,Altiplano,Altiplano,Altiplano,0,1,5647,0,Verify that any changes to device-specific-data through edit-config request will still be accepted when the flag is set to false,,1,Device Configuration
2019-08-25T19:57:16.415000105Z,5514,Altiplano,Altiplano,Altiplano,0,1,10560,0,Verify that any changes to device-specific-data through edit-config request will still be accepted when the flag is set to false,,1,Device Configuration
2019-08-25T20:50:42.880000105Z,5515,Altiplano,Altiplano,Altiplano,0,1,6780,0,Verify that any changes to device-specific-data through edit-config request will still be accepted when the flag is set to false,,1,Device Configuration
2019-08-25T21:44:43.750000105Z,5516,Altiplano,Altiplano,Altiplano,0,1,10533,0,Verify that any changes to device-specific-data through edit-config request will still be accepted when the flag is set to false,,1,Device Configuration
2019-08-25T22:39:34.974000105Z,5517,Altiplano,Altiplano,Altiplano,0,1,6803,0,Verify that any changes to device-specific-data through edit-config request will still be accepted when the flag is set to false,,1,Device Configuration
2019-08-25T23:44:58.389000105Z,5518,Altiplano,Altiplano,Altiplano,0,1,5548,0,Verify that any changes to device-specific-data through edit-config request will still be accepted when the flag is set to false,,1,Device Configuration
2019-08-26T00:35:47.309000105Z,5519,Altiplano,Altiplano,Altiplano,0,1,5621,0,Verify that any changes to device-specific-data through edit-config request will still be accepted when the flag is set to false,,1,Device Configuration
2019-08-26T01:29:27.002000105Z,5520,Altiplano,Altiplano,Altiplano,0,1,8671,0,Verify that any changes to device-specific-data through edit-config request will still be accepted when the flag is set to false,,1,Device Configuration
2019-08-26T02:20:52.287000105Z,5521,Altiplano,Altiplano,Altiplano,0,1,5898,0,Verify that any changes to device-specific-data through edit-config request will still be accepted when the flag is set to false,,1,Device Configuration
2019-08-26T03:11:59.296000105Z,5522,Altiplano,Altiplano,Altiplano,0,1,8667,0,Verify that any changes to device-specific-data through edit-config request will still be accepted when the flag is set to false,,1,Device Configuration
2019-08-26T04:07:27.673000105Z,5523,Altiplano,Altiplano,Altiplano,0,1,5815,0,Verify that any changes to device-specific-data through edit-config request will still be accepted when the flag is set to false,,1,Device Configuration
2019-08-26T05:30:10.623000105Z,5524,Altiplano,Altiplano,Altiplano,1,0,4,1,Verify that any changes to device-specific-data through edit-config request will still be accepted when the flag is set to false,,0,Device Configuration
2019-08-26T06:25:02.688000104Z,5525,Altiplano,Altiplano,Altiplano,0,1,5936,0,Verify that any changes to device-specific-data through edit-config request will still be accepted when the flag is set to false,,1,Device Configuration
2019-08-26T08:17:12.649000104Z,5527,Altiplano,Altiplano,Altiplano,0,1,6353,0,Verify that any changes to device-specific-data through edit-config request will still be accepted when the flag is set to false,,1,Device Configuration
2019-08-26T09:14:12.565000104Z,5528,Altiplano,Altiplano,Altiplano,0,1,6782,0,Verify that any changes to device-specific-data through edit-config request will still be accepted when the flag is set to false,,1,Device Configuration
2019-08-26T10:22:08.854000104Z,5529,Altiplano,Altiplano,Altiplano,0,1,5925,0,Verify that any changes to device-specific-data through edit-config request will still be accepted when the flag is set to false,,1,Device Configuration
2019-08-26T11:24:29.741000104Z,5530,Altiplano,Altiplano,Altiplano,0,1,8576,0,Verify that any changes to device-specific-data through edit-config request will still be accepted when the flag is set to false,,1,Device Configuration
2019-08-26T12:17:30.316000104Z,5531,Altiplano,Altiplano,Altiplano,0,1,8451,0,Verify that any changes to device-specific-data through edit-config request will still be accepted when the flag is set to false,,1,Device Configuration
2019-08-26T13:15:56.507000104Z,5532,Altiplano,Altiplano,Altiplano,0,1,6375,0,Verify that any changes to device-specific-data through edit-config request will still be accepted when the flag is set to false,,1,Device Configuration
2019-08-26T14:13:18.552000104Z,5533,Altiplano,Altiplano,Altiplano,0,1,6357,0,Verify that any changes to device-specific-data through edit-config request will still be accepted when the flag is set to false,,1,Device Configuration
2019-08-26T15:25:40.842000104Z,5534,Altiplano,Altiplano,Altiplano,0,1,8769,0,Verify that any changes to device-specific-data through edit-config request will still be accepted when the flag is set to false,,1,Device Configuration
2019-08-26T16:29:02.103000104Z,5535,Altiplano,Altiplano,Altiplano,0,1,7916,0,Verify that any changes to device-specific-data through edit-config request will still be accepted when the flag is set to false,,1,Device Configuration
2019-08-26T17:27:55.946000104Z,5536,Altiplano,Altiplano,Altiplano,0,1,9066,0,Verify that any changes to device-specific-data through edit-config request will still be accepted when the flag is set to false,,1,Device Configuration
2019-08-26T18:29:40.984000104Z,5537,Altiplano,Altiplano,Altiplano,0,1,11382,0,Verify that any changes to device-specific-data through edit-config request will still be accepted when the flag is set to false,,1,Device Configuration
2019-08-26T20:12:52.378000104Z,5538,Altiplano,Altiplano,Altiplano,0,1,6687,0,Verify that any changes to device-specific-data through edit-config request will still be accepted when the flag is set to false,,1,Device Configuration
2019-08-26T21:23:30.172000104Z,5539,Altiplano,Altiplano,Altiplano,0,1,6613,0,Verify that any changes to device-specific-data through edit-config request will still be accepted when the flag is set to false,,1,Device Configuration
2019-08-26T22:53:47.605000104Z,5540,Altiplano,Altiplano,Altiplano,0,1,8808,0,Verify that any changes to device-specific-data through edit-config request will still be accepted when the flag is set to false,,1,Device Configuration
2019-08-26T23:47:37.187000104Z,5541,Altiplano,Altiplano,Altiplano,0,1,8687,0,Verify that any changes to device-specific-data through edit-config request will still be accepted when the flag is set to false,,1,Device Configuration
2019-08-27T01:12:35.848000104Z,5543,Altiplano,Altiplano,Altiplano,0,1,5547,0,Verify that any changes to device-specific-data through edit-config request will still be accepted when the flag is set to false,,1,Device Configuration
2019-08-27T03:12:17.999000104Z,5545,Altiplano,Altiplano,Altiplano,0,1,5915,0,Verify that any changes to device-specific-data through edit-config request will still be accepted when the flag is set to false,,1,Device Configuration
2019-08-27T04:08:29.826000104Z,5546,Altiplano,Altiplano,Altiplano,0,1,6375,0,Verify that any changes to device-specific-data through edit-config request will still be accepted when the flag is set to false,,1,Device Configuration
2019-08-27T05:09:23.920000104Z,5547,Altiplano,Altiplano,Altiplano,0,1,8874,0,Verify that any changes to device-specific-data through edit-config request will still be accepted when the flag is set to false,,1,Device Configuration
2019-08-27T06:32:23.235000104Z,5548,Altiplano,Altiplano,Altiplano,0,1,5605,0,Verify that any changes to device-specific-data through edit-config request will still be accepted when the flag is set to false,,1,Device Configuration
2019-08-27T07:26:43.851000104Z,5549,Altiplano,Altiplano,Altiplano,0,1,8842,0,Verify that any changes to device-specific-data through edit-config request will still be accepted when the flag is set to false,,1,Device Configuration
2019-08-27T08:21:07.874000104Z,5550,Altiplano,Altiplano,Altiplano,0,1,5872,0,Verify that any changes to device-specific-data through edit-config request will still be accepted when the flag is set to false,,1,Device Configuration
2019-08-27T10:44:08.721000104Z,5551,Altiplano,Altiplano,Altiplano,0,1,8489,0,Verify that any changes to device-specific-data through edit-config request will still be accepted when the flag is set to false,,1,Device Configuration
2019-08-27T11:42:21.126000104Z,5552,Altiplano,Altiplano,Altiplano,0,1,6184,0,Verify that any changes to device-specific-data through edit-config request will still be accepted when the flag is set to false,,1,Device Configuration
2019-08-27T12:48:25.640000104Z,5553,Altiplano,Altiplano,Altiplano,0,1,9709,0,Verify that any changes to device-specific-data through edit-config request will still be accepted when the flag is set to false,,1,Device Configuration
2019-08-27T13:49:01.574000104Z,5554,Altiplano,Altiplano,Altiplano,0,1,9019,0,Verify that any changes to device-specific-data through edit-config request will still be accepted when the flag is set to false,,1,Device Configuration
2019-08-27T14:57:33.683000104Z,5555,Altiplano,Altiplano,Altiplano,0,1,6776,0,Verify that any changes to device-specific-data through edit-config request will still be accepted when the flag is set to false,,1,Device Configuration
2019-08-27T16:00:08.327000104Z,5556,Altiplano,Altiplano,Altiplano,0,1,8669,0,Verify that any changes to device-specific-data through edit-config request will still be accepted when the flag is set to false,,1,Device Configuration
2019-08-27T17:02:57.540000104Z,5557,Altiplano,Altiplano,Altiplano,0,1,5292,0,Verify that any changes to device-specific-data through edit-config request will still be accepted when the flag is set to false,,1,Device Configuration
2019-08-27T18:05:31.068000104Z,5558,Altiplano,Altiplano,Altiplano,0,1,7632,0,Verify that any changes to device-specific-data through edit-config request will still be accepted when the flag is set to false,,1,Device Configuration
2019-08-27T19:09:39.466000104Z,5559,Altiplano,Altiplano,Altiplano,0,1,6216,0,Verify that any changes to device-specific-data through edit-config request will still be accepted when the flag is set to false,,1,Device Configuration
2019-08-27T20:09:04.544000104Z,5560,Altiplano,Altiplano,Altiplano,0,1,10817,0,Verify that any changes to device-specific-data through edit-config request will still be accepted when the flag is set to false,,1,Device Configuration
2019-08-27T21:16:10.996000104Z,5561,Altiplano,Altiplano,Altiplano,0,1,10087,0,Verify that any changes to device-specific-data through edit-config request will still be accepted when the flag is set to false,,1,Device Configuration
2019-08-27T22:22:42.487000104Z,5562,Altiplano,Altiplano,Altiplano,0,1,9314,0,Verify that any changes to device-specific-data through edit-config request will still be accepted when the flag is set to false,,1,Device Configuration
2019-08-27T23:32:06.402000104Z,5563,Altiplano,Altiplano,Altiplano,0,1,8051,0,Verify that any changes to device-specific-data through edit-config request will still be accepted when the flag is set to false,,1,Device Configuration
2019-08-28T00:26:02.826000104Z,5564,Altiplano,Altiplano,Altiplano,0,1,5280,0,Verify that any changes to device-specific-data through edit-config request will still be accepted when the flag is set to false,,1,Device Configuration
2019-08-28T01:18:02.213000104Z,5565,Altiplano,Altiplano,Altiplano,0,1,8625,0,Verify that any changes to device-specific-data through edit-config request will still be accepted when the flag is set to false,,1,Device Configuration
2019-08-28T02:11:50.409000104Z,5566,Altiplano,Altiplano,Altiplano,0,1,8326,0,Verify that any changes to device-specific-data through edit-config request will still be accepted when the flag is set to false,,1,Device Configuration
2019-08-28T03:15:24.167000104Z,5567,Altiplano,Altiplano,Altiplano,0,1,8040,0,Verify that any changes to device-specific-data through edit-config request will still be accepted when the flag is set to false,,1,Device Configuration
2019-08-28T04:09:19.353000104Z,5568,Altiplano,Altiplano,Altiplano,0,1,5342,0,Verify that any changes to device-specific-data through edit-config request will still be accepted when the flag is set to false,,1,Device Configuration
2019-08-28T05:12:48.870000104Z,5569,Altiplano,Altiplano,Altiplano,0,1,4864,0,Verify that any changes to device-specific-data through edit-config request will still be accepted when the flag is set to false,,1,Device Configuration
2019-08-28T06:07:37.341000104Z,5570,Altiplano,Altiplano,Altiplano,0,1,8163,0,Verify that any changes to device-specific-data through edit-config request will still be accepted when the flag is set to false,,1,Device Configuration
2019-08-28T07:06:19.889000104Z,5571,Altiplano,Altiplano,Altiplano,0,1,8587,0,Verify that any changes to device-specific-data through edit-config request will still be accepted when the flag is set to false,,1,Device Configuration
2019-08-28T08:01:20.027000104Z,5572,Altiplano,Altiplano,Altiplano,0,1,8243,0,Verify that any changes to device-specific-data through edit-config request will still be accepted when the flag is set to false,,1,Device Configuration
2019-08-28T08:55:38.499000104Z,5573,Altiplano,Altiplano,Altiplano,0,1,8105,0,Verify that any changes to device-specific-data through edit-config request will still be accepted when the flag is set to false,,1,Device Configuration
2019-08-28T11:17:41.299000104Z,5576,Altiplano,Altiplano,Altiplano,0,1,5123,0,Verify that any changes to device-specific-data through edit-config request will still be accepted when the flag is set to false,,1,Device Configuration
2019-08-28T12:33:34.494000104Z,5577,Altiplano,Altiplano,Altiplano,0,1,4998,0,Verify that any changes to device-specific-data through edit-config request will still be accepted when the flag is set to false,,1,Device Configuration
2019-08-28T14:04:48.975000104Z,5578,Altiplano,Altiplano,Altiplano,0,1,8979,0,Verify that any changes to device-specific-data through edit-config request will still be accepted when the flag is set to false,,1,Device Configuration
2019-08-28T15:03:55.784000104Z,5579,Altiplano,Altiplano,Altiplano,0,1,7857,0,Verify that any changes to device-specific-data through edit-config request will still be accepted when the flag is set to false,,1,Device Configuration
2019-08-28T16:02:07.788000104Z,5580,Altiplano,Altiplano,Altiplano,0,1,7944,0,Verify that any changes to device-specific-data through edit-config request will still be accepted when the flag is set to false,,1,Device Configuration
2019-08-28T16:55:33.812000104Z,5581,Altiplano,Altiplano,Altiplano,0,1,7868,0,Verify that any changes to device-specific-data through edit-config request will still be accepted when the flag is set to false,,1,Device Configuration
2019-08-28T17:49:37.768000104Z,5582,Altiplano,Altiplano,Altiplano,0,1,8144,0,Verify that any changes to device-specific-data through edit-config request will still be accepted when the flag is set to false,,1,Device Configuration
2019-08-28T18:58:34.572000104Z,5583,Altiplano,Altiplano,Altiplano,0,1,7997,0,Verify that any changes to device-specific-data through edit-config request will still be accepted when the flag is set to false,,1,Device Configuration
2019-08-28T20:19:09.212000104Z,5584,Altiplano,Altiplano,Altiplano,0,1,4688,0,Verify that any changes to device-specific-data through edit-config request will still be accepted when the flag is set to false,,1,Device Configuration
2019-08-28T21:47:42.005000104Z,5585,Altiplano,Altiplano,Altiplano,0,1,8778,0,Verify that any changes to device-specific-data through edit-config request will still be accepted when the flag is set to false,,1,Device Configuration
2019-08-28T23:21:24.624000104Z,5586,Altiplano,Altiplano,Altiplano,0,1,8557,0,Verify that any changes to device-specific-data through edit-config request will still be accepted when the flag is set to false,,1,Device Configuration
2019-08-29T00:24:41.119000104Z,5587,Altiplano,Altiplano,Altiplano,0,1,8355,0,Verify that any changes to device-specific-data through edit-config request will still be accepted when the flag is set to false,,1,Device Configuration
2019-08-29T01:38:51.865000104Z,5588,Altiplano,Altiplano,Altiplano,0,1,8687,0,Verify that any changes to device-specific-data through edit-config request will still be accepted when the flag is set to false,,1,Device Configuration
2019-08-29T02:47:13.881000104Z,5589,Altiplano,Altiplano,Altiplano,0,1,9225,0,Verify that any changes to device-specific-data through edit-config request will still be accepted when the flag is set to false,,1,Device Configuration
2019-08-29T04:03:49.540000104Z,5590,Altiplano,Altiplano,Altiplano,0,1,8755,0,Verify that any changes to device-specific-data through edit-config request will still be accepted when the flag is set to false,,1,Device Configuration
2019-08-29T05:23:14.837000104Z,5591,Altiplano,Altiplano,Altiplano,0,1,8764,0,Verify that any changes to device-specific-data through edit-config request will still be accepted when the flag is set to false,,1,Device Configuration
2019-08-29T06:48:02.601000104Z,5592,Altiplano,Altiplano,Altiplano,0,1,5305,0,Verify that any changes to device-specific-data through edit-config request will still be accepted when the flag is set to false,,1,Device Configuration
2019-08-29T07:41:11.338000104Z,5593,Altiplano,Altiplano,Altiplano,0,1,7986,0,Verify that any changes to device-specific-data through edit-config request will still be accepted when the flag is set to false,,1,Device Configuration
2019-08-29T08:32:32.399000104Z,5594,Altiplano,Altiplano,Altiplano,0,1,5092,0,Verify that any changes to device-specific-data through edit-config request will still be accepted when the flag is set to false,,1,Device Configuration
2019-08-29T09:49:28.904000104Z,5595,Altiplano,Altiplano,Altiplano,0,1,5621,0,Verify that any changes to device-specific-data through edit-config request will still be accepted when the flag is set to false,,1,Device Configuration
2019-08-29T10:53:19.740000104Z,5596,Altiplano,Altiplano,Altiplano,0,1,6606,0,Verify that any changes to device-specific-data through edit-config request will still be accepted when the flag is set to false,,1,Device Configuration
2019-08-29T11:49:50.737000104Z,5597,Altiplano,Altiplano,Altiplano,0,1,6031,0,Verify that any changes to device-specific-data through edit-config request will still be accepted when the flag is set to false,,1,Device Configuration
2019-08-29T13:18:57.588000104Z,5598,Altiplano,Altiplano,Altiplano,0,1,5855,0,Verify that any changes to device-specific-data through edit-config request will still be accepted when the flag is set to false,,1,Device Configuration
2019-08-29T14:24:46.978000104Z,5599,Altiplano,Altiplano,Altiplano,0,1,8509,0,Verify that any changes to device-specific-data through edit-config request will still be accepted when the flag is set to false,,1,Device Configuration
2019-08-29T15:42:11.072000104Z,5600,Altiplano,Altiplano,Altiplano,0,1,8265,0,Verify that any changes to device-specific-data through edit-config request will still be accepted when the flag is set to false,,1,Device Configuration
2019-08-29T16:46:06.853000104Z,5601,Altiplano,Altiplano,Altiplano,0,1,6536,0,Verify that any changes to device-specific-data through edit-config request will still be accepted when the flag is set to false,,1,Device Configuration
2019-08-29T18:38:00.057000104Z,5602,Altiplano,Altiplano,Altiplano,0,1,5453,0,Verify that any changes to device-specific-data through edit-config request will still be accepted when the flag is set to false,,1,Device Configuration
2019-08-29T19:45:50.164000104Z,5603,Altiplano,Altiplano,Altiplano,0,1,15692,0,Verify that any changes to device-specific-data through edit-config request will still be accepted when the flag is set to false,,1,Device Configuration
2019-08-29T21:18:54.540000104Z,5604,Altiplano,Altiplano,Altiplano,0,1,8447,0,Verify that any changes to device-specific-data through edit-config request will still be accepted when the flag is set to false,,1,Device Configuration
2019-08-29T22:53:26.224000104Z,5605,Altiplano,Altiplano,Altiplano,0,1,9012,0,Verify that any changes to device-specific-data through edit-config request will still be accepted when the flag is set to false,,1,Device Configuration
2019-08-30T00:00:42.902000104Z,5606,Altiplano,Altiplano,Altiplano,0,1,5461,0,Verify that any changes to device-specific-data through edit-config request will still be accepted when the flag is set to false,,1,Device Configuration
2019-08-30T00:52:10.716000104Z,5607,Altiplano,Altiplano,Altiplano,0,1,7836,0,Verify that any changes to device-specific-data through edit-config request will still be accepted when the flag is set to false,,1,Device Configuration
2019-08-30T02:04:51.281000104Z,5608,Altiplano,Altiplano,Altiplano,0,1,8901,0,Verify that any changes to device-specific-data through edit-config request will still be accepted when the flag is set to false,,1,Device Configuration
2019-08-30T03:11:38.519000104Z,5609,Altiplano,Altiplano,Altiplano,0,1,7023,0,Verify that any changes to device-specific-data through edit-config request will still be accepted when the flag is set to false,,1,Device Configuration
2019-08-30T04:08:49.236000104Z,5610,Altiplano,Altiplano,Altiplano,0,1,8241,0,Verify that any changes to device-specific-data through edit-config request will still be accepted when the flag is set to false,,1,Device Configuration
2019-08-30T05:06:54.705000104Z,5611,Altiplano,Altiplano,Altiplano,0,1,5231,0,Verify that any changes to device-specific-data through edit-config request will still be accepted when the flag is set to false,,1,Device Configuration
2019-08-30T06:00:34.182000104Z,5612,Altiplano,Altiplano,Altiplano,0,1,7957,0,Verify that any changes to device-specific-data through edit-config request will still be accepted when the flag is set to false,,1,Device Configuration
2019-08-30T07:23:53.484000104Z,5613,Altiplano,Altiplano,Altiplano,0,1,5454,0,Verify that any changes to device-specific-data through edit-config request will still be accepted when the flag is set to false,,1,Device Configuration
2019-08-30T08:21:40.815000104Z,5614,Altiplano,Altiplano,Altiplano,0,1,8847,0,Verify that any changes to device-specific-data through edit-config request will still be accepted when the flag is set to false,,1,Device Configuration
2019-08-30T09:18:23.771000104Z,5615,Altiplano,Altiplano,Altiplano,0,1,8322,0,Verify that any changes to device-specific-data through edit-config request will still be accepted when the flag is set to false,,1,Device Configuration
2019-08-30T10:14:20.257000104Z,5616,Altiplano,Altiplano,Altiplano,0,1,8732,0,Verify that any changes to device-specific-data through edit-config request will still be accepted when the flag is set to false,,1,Device Configuration
2019-08-30T11:37:08.648000104Z,5617,Altiplano,Altiplano,Altiplano,0,1,5046,0,Verify that any changes to device-specific-data through edit-config request will still be accepted when the flag is set to false,,1,Device Configuration
2019-08-30T13:13:10.854000104Z,5620,Altiplano,Altiplano,Altiplano,0,1,6839,0,Verify that any changes to device-specific-data through edit-config request will still be accepted when the flag is set to false,,1,Device Configuration
2019-08-30T14:16:30.785000104Z,5621,Altiplano,Altiplano,Altiplano,0,1,27690,0,Verify that any changes to device-specific-data through edit-config request will still be accepted when the flag is set to false,,1,Device Configuration
2019-08-30T15:15:35.922000104Z,5622,Altiplano,Altiplano,Altiplano,0,1,8597,0,Verify that any changes to device-specific-data through edit-config request will still be accepted when the flag is set to false,,1,Device Configuration
2019-08-30T17:09:21.756000104Z,5624,Altiplano,Altiplano,Altiplano,0,1,8825,0,Verify that any changes to device-specific-data through edit-config request will still be accepted when the flag is set to false,,1,Device Configuration
2019-08-30T18:12:26.536000104Z,5625,Altiplano,Altiplano,Altiplano,0,1,8650,0,Verify that any changes to device-specific-data through edit-config request will still be accepted when the flag is set to false,,1,Device Configuration
2019-08-30T19:13:40.306000104Z,5626,Altiplano,Altiplano,Altiplano,0,1,10549,0,Verify that any changes to device-specific-data through edit-config request will still be accepted when the flag is set to false,,1,Device Configuration
2019-08-30T20:07:37.125000104Z,5627,Altiplano,Altiplano,Altiplano,0,1,5442,0,Verify that any changes to device-specific-data through edit-config request will still be accepted when the flag is set to false,,1,Device Configuration
2019-08-30T21:13:58.761000104Z,5628,Altiplano,Altiplano,Altiplano,0,1,11492,0,Verify that any changes to device-specific-data through edit-config request will still be accepted when the flag is set to false,,1,Device Configuration
2019-08-30T22:27:18.932000104Z,5629,Altiplano,Altiplano,Altiplano,0,1,9278,0,Verify that any changes to device-specific-data through edit-config request will still be accepted when the flag is set to false,,1,Device Configuration
2019-08-30T23:25:58.868000104Z,5630,Altiplano,Altiplano,Altiplano,0,1,7412,0,Verify that any changes to device-specific-data through edit-config request will still be accepted when the flag is set to false,,1,Device Configuration
2019-08-31T00:28:03.154000104Z,5631,Altiplano,Altiplano,Altiplano,0,1,7971,0,Verify that any changes to device-specific-data through edit-config request will still be accepted when the flag is set to false,,1,Device Configuration
2019-08-31T01:43:44.300000104Z,5632,Altiplano,Altiplano,Altiplano,0,1,5345,0,Verify that any changes to device-specific-data through edit-config request will still be accepted when the flag is set to false,,1,Device Configuration
2019-08-31T02:45:52.677000104Z,5633,Altiplano,Altiplano,Altiplano,0,1,8085,0,Verify that any changes to device-specific-data through edit-config request will still be accepted when the flag is set to false,,1,Device Configuration
2019-08-31T03:48:29.123000104Z,5634,Altiplano,Altiplano,Altiplano,0,1,10179,0,Verify that any changes to device-specific-data through edit-config request will still be accepted when the flag is set to false,,1,Device Configuration
2019-08-31T04:51:20.378000104Z,5635,Altiplano,Altiplano,Altiplano,0,1,5043,0,Verify that any changes to device-specific-data through edit-config request will still be accepted when the flag is set to false,,1,Device Configuration
2019-08-31T05:57:08.124000104Z,5636,Altiplano,Altiplano,Altiplano,0,1,9535,0,Verify that any changes to device-specific-data through edit-config request will still be accepted when the flag is set to false,,1,Device Configuration
2019-08-31T12:43:29.849000104Z,5637,Altiplano,Altiplano,Altiplano,0,1,4913,0,Verify that any changes to device-specific-data through edit-config request will still be accepted when the flag is set to false,,1,Device Configuration
2019-08-31T13:41:37.530000104Z,5638,Altiplano,Altiplano,Altiplano,0,1,5164,0,Verify that any changes to device-specific-data through edit-config request will still be accepted when the flag is set to false,,1,Device Configuration
2019-08-31T14:35:24.361000104Z,5639,Altiplano,Altiplano,Altiplano,0,1,5498,0,Verify that any changes to device-specific-data through edit-config request will still be accepted when the flag is set to false,,1,Device Configuration
2019-08-31T15:32:22.812000104Z,5640,Altiplano,Altiplano,Altiplano,0,1,4917,0,Verify that any changes to device-specific-data through edit-config request will still be accepted when the flag is set to false,,1,Device Configuration
2019-08-31T16:42:47.395000104Z,5641,Altiplano,Altiplano,Altiplano,0,1,4951,0,Verify that any changes to device-specific-data through edit-config request will still be accepted when the flag is set to false,,1,Device Configuration
2019-08-31T17:57:23.259000104Z,5642,Altiplano,Altiplano,Altiplano,0,1,4774,0,Verify that any changes to device-specific-data through edit-config request will still be accepted when the flag is set to false,,1,Device Configuration
2019-08-31T19:34:26.439000104Z,5644,Altiplano,Altiplano,Altiplano,0,1,4857,0,Verify that any changes to device-specific-data through edit-config request will still be accepted when the flag is set to false,,1,Device Configuration
2019-08-31T20:29:14.134000104Z,5645,Altiplano,Altiplano,Altiplano,0,1,5081,0,Verify that any changes to device-specific-data through edit-config request will still be accepted when the flag is set to false,,1,Device Configuration
2019-08-31T21:24:17.973000104Z,5646,Altiplano,Altiplano,Altiplano,0,1,4635,0,Verify that any changes to device-specific-data through edit-config request will still be accepted when the flag is set to false,,1,Device Configuration
2019-08-31T22:47:30.541000104Z,5647,Altiplano,Altiplano,Altiplano,0,1,5270,0,Verify that any changes to device-specific-data through edit-config request will still be accepted when the flag is set to false,,1,Device Configuration
2019-09-01T00:35:47.187000104Z,5648,Altiplano,Altiplano,Altiplano,0,1,7893,0,Verify that any changes to device-specific-data through edit-config request will still be accepted when the flag is set to false,,1,Device Configuration
2019-09-01T01:39:58.363000104Z,5649,Altiplano,Altiplano,Altiplano,0,1,4926,0,Verify that any changes to device-specific-data through edit-config request will still be accepted when the flag is set to false,,1,Device Configuration
2019-09-01T02:59:25.514000104Z,5650,Altiplano,Altiplano,Altiplano,0,1,5981,0,Verify that any changes to device-specific-data through edit-config request will still be accepted when the flag is set to false,,1,Device Configuration
2019-09-01T03:56:14.348000104Z,5651,Altiplano,Altiplano,Altiplano,0,1,5635,0,Verify that any changes to device-specific-data through edit-config request will still be accepted when the flag is set to false,,1,Device Configuration
2019-09-01T04:53:21.524000104Z,5652,Altiplano,Altiplano,Altiplano,0,1,5357,0,Verify that any changes to device-specific-data through edit-config request will still be accepted when the flag is set to false,,1,Device Configuration
2019-09-01T06:27:06.146000104Z,5653,Altiplano,Altiplano,Altiplano,0,1,5364,0,Verify that any changes to device-specific-data through edit-config request will still be accepted when the flag is set to false,,1,Device Configuration
2019-09-01T07:21:13.162000104Z,5654,Altiplano,Altiplano,Altiplano,0,1,8630,0,Verify that any changes to device-specific-data through edit-config request will still be accepted when the flag is set to false,,1,Device Configuration
2019-09-01T08:30:09.517000104Z,5655,Altiplano,Altiplano,Altiplano,0,1,5542,0,Verify that any changes to device-specific-data through edit-config request will still be accepted when the flag is set to false,,1,Device Configuration
2019-09-01T09:27:37.423000104Z,5656,Altiplano,Altiplano,Altiplano,0,1,8794,0,Verify that any changes to device-specific-data through edit-config request will still be accepted when the flag is set to false,,1,Device Configuration
2019-09-01T10:23:02.048000104Z,5657,Altiplano,Altiplano,Altiplano,0,1,8355,0,Verify that any changes to device-specific-data through edit-config request will still be accepted when the flag is set to false,,1,Device Configuration
2019-09-01T11:15:05.490000104Z,5658,Altiplano,Altiplano,Altiplano,0,1,8441,0,Verify that any changes to device-specific-data through edit-config request will still be accepted when the flag is set to false,,1,Device Configuration
2019-09-01T12:09:55.436000104Z,5659,Altiplano,Altiplano,Altiplano,0,1,6082,0,Verify that any changes to device-specific-data through edit-config request will still be accepted when the flag is set to false,,1,Device Configuration
2019-09-01T13:24:44.968000104Z,5660,Altiplano,Altiplano,Altiplano,0,1,4894,0,Verify that any changes to device-specific-data through edit-config request will still be accepted when the flag is set to false,,1,Device Configuration
2019-09-01T14:35:08.511000104Z,5661,Altiplano,Altiplano,Altiplano,0,1,8118,0,Verify that any changes to device-specific-data through edit-config request will still be accepted when the flag is set to false,,1,Device Configuration
2019-09-01T15:32:01.300000104Z,5662,Altiplano,Altiplano,Altiplano,0,1,8315,0,Verify that any changes to device-specific-data through edit-config request will still be accepted when the flag is set to false,,1,Device Configuration
2019-09-01T16:30:37.967000104Z,5663,Altiplano,Altiplano,Altiplano,0,1,8342,0,Verify that any changes to device-specific-data through edit-config request will still be accepted when the flag is set to false,,1,Device Configuration
2019-09-01T17:24:14.350000104Z,5664,Altiplano,Altiplano,Altiplano,0,1,5163,0,Verify that any changes to device-specific-data through edit-config request will still be accepted when the flag is set to false,,1,Device Configuration
2019-09-01T18:22:34.852000104Z,5665,Altiplano,Altiplano,Altiplano,0,1,4847,0,Verify that any changes to device-specific-data through edit-config request will still be accepted when the flag is set to false,,1,Device Configuration
2019-09-01T19:32:15.122000104Z,5666,Altiplano,Altiplano,Altiplano,0,1,8236,0,Verify that any changes to device-specific-data through edit-config request will still be accepted when the flag is set to false,,1,Device Configuration
2019-09-01T20:30:49.726000104Z,5667,Altiplano,Altiplano,Altiplano,0,1,5173,0,Verify that any changes to device-specific-data through edit-config request will still be accepted when the flag is set to false,,1,Device Configuration
2019-09-01T21:51:45.887000104Z,5668,Altiplano,Altiplano,Altiplano,0,1,5356,0,Verify that any changes to device-specific-data through edit-config request will still be accepted when the flag is set to false,,1,Device Configuration
2019-09-01T23:06:43.519000104Z,5669,Altiplano,Altiplano,Altiplano,0,1,5297,0,Verify that any changes to device-specific-data through edit-config request will still be accepted when the flag is set to false,,1,Device Configuration
2019-09-02T00:02:51.931000104Z,5670,Altiplano,Altiplano,Altiplano,0,1,5388,0,Verify that any changes to device-specific-data through edit-config request will still be accepted when the flag is set to false,,1,Device Configuration
2019-09-02T02:07:49.871000104Z,5671,Altiplano,Altiplano,Altiplano,1,0,4,1,Verify that any changes to device-specific-data through edit-config request will still be accepted when the flag is set to false,,0,Device Configuration
2019-09-02T03:06:05.730000104Z,5672,Altiplano,Altiplano,Altiplano,0,1,5074,0,Verify that any changes to device-specific-data through edit-config request will still be accepted when the flag is set to false,,1,Device Configuration
2019-09-02T03:58:53.551000104Z,5673,Altiplano,Altiplano,Altiplano,0,1,5621,0,Verify that any changes to device-specific-data through edit-config request will still be accepted when the flag is set to false,,1,Device Configuration
2019-09-02T04:55:48.061000104Z,5674,Altiplano,Altiplano,Altiplano,0,1,5406,0,Verify that any changes to device-specific-data through edit-config request will still be accepted when the flag is set to false,,1,Device Configuration
2019-09-02T06:09:40.141000104Z,5675,Altiplano,Altiplano,Altiplano,0,1,5128,0,Verify that any changes to device-specific-data through edit-config request will still be accepted when the flag is set to false,,1,Device Configuration
2019-09-02T07:05:58.881000104Z,5676,Altiplano,Altiplano,Altiplano,0,1,8712,0,Verify that any changes to device-specific-data through edit-config request will still be accepted when the flag is set to false,,1,Device Configuration
2019-09-02T08:00:33.696000104Z,5677,Altiplano,Altiplano,Altiplano,0,1,8124,0,Verify that any changes to device-specific-data through edit-config request will still be accepted when the flag is set to false,,1,Device Configuration
2019-09-02T09:04:30.679000104Z,5678,Altiplano,Altiplano,Altiplano,0,1,8279,0,Verify that any changes to device-specific-data through edit-config request will still be accepted when the flag is set to false,,1,Device Configuration
2019-09-02T10:59:48.316000104Z,5679,Altiplano,Altiplano,Altiplano,0,1,8363,0,Verify that any changes to device-specific-data through edit-config request will still be accepted when the flag is set to false,,1,Device Configuration
2019-09-02T12:08:18.735000104Z,5680,Altiplano,Altiplano,Altiplano,0,1,8457,0,Verify that any changes to device-specific-data through edit-config request will still be accepted when the flag is set to false,,1,Device Configuration
2019-09-02T14:23:47.679000104Z,5681,Altiplano,Altiplano,Altiplano,1,0,5127,1,Verify that any changes to device-specific-data through edit-config request will still be accepted when the flag is set to false,,0,Device Configuration
2019-09-02T15:20:09.311000104Z,5682,Altiplano,Altiplano,Altiplano,0,1,7048,0,Verify that any changes to device-specific-data through edit-config request will still be accepted when the flag is set to false,,1,Device Configuration
2019-09-02T16:16:32.599000104Z,5683,Altiplano,Altiplano,Altiplano,0,1,9902,0,Verify that any changes to device-specific-data through edit-config request will still be accepted when the flag is set to false,,1,Device Configuration
2019-09-02T18:13:18.615000104Z,5684,Altiplano,Altiplano,Altiplano,0,1,5087,0,Verify that any changes to device-specific-data through edit-config request will still be accepted when the flag is set to false,,1,Device Configuration
2019-09-02T19:31:14.142000104Z,5685,Altiplano,Altiplano,Altiplano,0,1,8515,0,Verify that any changes to device-specific-data through edit-config request will still be accepted when the flag is set to false,,1,Device Configuration
2019-09-02T20:49:55.121000104Z,5686,Altiplano,Altiplano,Altiplano,0,1,8880,0,Verify that any changes to device-specific-data through edit-config request will still be accepted when the flag is set to false,,1,Device Configuration
2019-09-02T21:50:09.337000104Z,5687,Altiplano,Altiplano,Altiplano,0,1,5454,0,Verify that any changes to device-specific-data through edit-config request will still be accepted when the flag is set to false,,1,Device Configuration
2019-09-02T23:27:26.528000104Z,5688,Altiplano,Altiplano,Altiplano,0,1,4898,0,Verify that any changes to device-specific-data through edit-config request will still be accepted when the flag is set to false,,1,Device Configuration
2019-09-03T06:23:58.244000105Z,5692,Altiplano,Altiplano,Altiplano,0,1,8190,0,Verify that any changes to device-specific-data through edit-config request will still be accepted when the flag is set to false,,1,Device Configuration
2019-09-03T07:21:14.401000106Z,5693,Altiplano,Altiplano,Altiplano,0,1,6153,0,Verify that any changes to device-specific-data through edit-config request will still be accepted when the flag is set to false,,1,Device Configuration
2019-09-06T15:04:41.125000107Z,5760,Altiplano,Altiplano,Altiplano,0,1,11282,0,Verify that any changes to device-specific-data through edit-config request will still be accepted when the flag is set to false,,1,Device Configuration
